hipotesis,variable,test,stat,p_value,effect_size_cramers_v,p_adj_bh
H3,Tuition.fees.up.to.date,Chi2,812.0384247637799,4.656895749825356e-177,0.43340675139999585,1.3970687249476066e-176
H3,Scholarship.holder,Chi2,403.9264174424359,1.9430899471712806e-88,0.3056740077141081,2.914634920756921e-88
H3,Debtor,Chi2,257.79322973522784,1.0493283995533662e-56,0.2441985810079163,1.0493283995533662e-56
